AÑO,TRIMESTRE,PROVEEDOR,SEGMENTO,TERMINAL,TECNOLOGÍA,No. SUSCRIPTORES
2021,3,COMUNICACION CELULAR S A COMCEL S A,Personas,Teléfono movil,3G,496192
2021,3,COMUNICACION CELULAR S A COMCEL S A,Personas,Teléfono movil,3G,496192
2021,3,COMUNICACION CELULAR S A COMCEL S A,Personas,Teléfono movil,3G,496192
2021,1,COMUNICACION CELULAR S A COMCEL S A,Empresas,Data Card,2G,123338
2021,3,EMPRESA DE TELECOMUNICACIONES DE BOGOTA S.A. ESP,Empresas,Teléfono movil,4G,17903
2021,1,COLOMBIA TELECOMUNICACIONES S.A. E.S.P.,Personas,Data Card,3G,4611
2021,3,AVANTEL S.A.S,Empresas,Data Card,4G,8426
2021,3,COLOMBIA TELECOMUNICACIONES S.A. E.S.P.,Empresas,Teléfono movil,2G,71493
2021,2,COMUNICACION CELULAR S A COMCEL S A,Empresas,Data Card,2G,113682
2021,1,COMUNICACION CELULAR S A COMCEL S A,Personas,Teléfono movil,2G,27155
2021,1,COLOMBIA TELECOMUNICACIONES S.A. E.S.P.,Empresas,Teléfono movil,2G,62768
2021,3,VIRGIN MOBILE COLOMBIA S.A.S.,Personas,Teléfono movil,3G,0
2021,3,COLOMBIA MOVIL  S.A ESP,Personas,Teléfono movil,3G,74359
2021,1,COMUNICACION CELULAR S A COMCEL S A,Empresas,Data Card,3G,114638
2021,1,COLOMBIA MOVIL  S.A ESP,Empresas,,,52844
2021,1,COMUNICACION CELULAR S A COMCEL S A,Personas,Data Card,2G,845
2021,1,COMUNICACION CELULAR S A COMCEL S A,Personas,Data Card,2G,845
2021,1,COMUNICACION CELULAR S A COMCEL S A,Personas,Data Card,2G,845
2021,3,COLOMBIA TELECOMUNICACIONES S.A. E.S.P.,Empresas,Data Card,3G,181642
2021,3,PARTNERS TELECOM COLOMBIA SAS,,Data Card,4G,6831
2021,3,PARTNERS TELECOM COLOMBIA SAS,Empresas,Data Card,3G,1
2021,1,COLOMBIA TELECOMUNICACIONES S.A. E.S.P.,Personas,Teléfono movil,2G,14939
2021,1,COLOMBIA TELECOMUNICACIONES S.A. E.S.P.,Personas,Teléfono movil,3G,445469
2021,1,EMPRESA DE TELECOMUNICACIONES DE BOGOTA S.A. ESP,Empresas,Teléfono movil,2G,166
2021,3,PARTNERS TELECOM COLOMBIA SAS,Empresas,,,
2021,3,PARTNERS TELECOM COLOMBIA SAS,Empresas,Teléfono movil,4G,3611
2021,3,COLOMBIA MOVIL  S.A ESP,Empresas,Data Card,4G,6681
2021,1,COLOMBIA MOVIL  S.A ESP,Empresas,Data Card,3G,2446
2021,2,EMPRESA DE TELECOMUNICACIONES DE BOGOTA S.A. ESP,Empresas,Teléfono movil,4G,17633
2020,3,COMUNICACION CELULAR S A COMCEL S A,Personas,Teléfono movil,2G,32832
2021,3,COLOMBIA TELECOMUNICACIONES S.A. E.S.P.,Empresas,Data Card,4G,69687
2021,3,COLOMBIA TELECOMUNICACIONES S.A. E.S.P.,Empresas,Teléfono movil,3G,381595
2021,3,SETROC MOBILE GROUP SAS,Personas,Teléfono movil,4G,0
2021,1,COMUNICACION CELULAR S A COMCEL S A,Personas,Data Card,4G,762
2021,2,COMUNICACION CELULAR S A COMCEL S A,Empresas,Teléfono movil,3G,171943
2020,3,EMPRESA DE TELECOMUNICACIONES DE BOGOTA S.A. ESP,Personas,Teléfono movil,3G,5158
2021,3,EMPRESA DE TELECOMUNICACIONES DE BOGOTA S.A. ESP,Personas,Teléfono movil,4G,80977
2021,3,PARTNERS TELECOM COLOMBIA SAS,Personas,Teléfono movil,4G,526418
2021,3,AVANTEL S.A.S,Personas,Teléfono movil,4G,59156
2021,1,COLOMBIA TELECOMUNICACIONES S.A. E.S.P.,Empresas,Teléfono movil,4G,577659
2021,2,VIRGIN MOBILE COLOMBIA S.A.S.,Personas,Teléfono movil,2G,0
2021,1,COMUNICACION CELULAR S A COMCEL S A,Empresas,Teléfono movil,2G,100047
2021,2,COMUNICACION CELULAR S A COMCEL S A,Personas,Data Card,4G,696
2021,1,AVANTEL S.A.S,Personas,Teléfono movil,4G,396113
2021,2,COLOMBIA MOVIL  S.A ESP,Empresas,Teléfono movil,3G,9244
2021,1,COLOMBIA TELECOMUNICACIONES S.A. E.S.P.,Personas,Data Card,2G,98
2020,3,COLOMBIA MOVIL  S.A ESP,Personas,Data Card,3G,2699
2020,3,COLOMBIA MOVIL  S.A ESP,Personas,Data Card,4G,1554
2021,3,COLOMBIA MOVIL  S.A ESP,Personas,Data Card,3G,1458
2021,3,COLOMBIA TELECOMUNICACIONES S.A. E.S.P.,Personas,Teléfono movil,4G,2880833
2021,3,COMUNICACION CELULAR S A COMCEL S A,Empresas,Teléfono movil,3G,175519
2021,3,AVANTEL S.A.S,Personas,Data Card,4G,137
2021,3,COLOMBIA MOVIL  S.A ESP,Personas,Data Card,4G,2070
2021,2,COLOMBIA MOVIL  S.A ESP,Empresas,Data Card,3G,2412
2021,2,COLOMBIA TELECOMUNICACIONES S.A. E.S.P.,Empresas,Teléfono movil,3G,386032
2021,4,COMUNICACION CELULAR S A COMCEL S A,Empresas,Teléfono movil,2G,112239
2021,1,EMPRESA DE TELECOMUNICACIONES DE BOGOTA S.A. ESP,Personas,Teléfono movil,2G,409
2021,4,EMPRESA DE TELECOMUNICACIONES DE BOGOTA S.A. ESP,Empresas,Teléfono movil,3G,869
2021,1,COLOMBIA MOVIL  S.A ESP,Personas,Data Card,3G,1909
2021,1,COMUNICACION CELULAR S A COMCEL S A,Personas,Teléfono movil,3G,572510
2021,1,COLOMBIA MOVIL  S.A ESP,Personas,Data Card,4G,1821
2021,1,AVANTEL S.A.S,Personas,Data Card,4G,204
2021,4,COMUNICACION CELULAR S A COMCEL S A,Personas,Teléfono movil,3G,475450
2020,3,COLOMBIA TELECOMUNICACIONES S.A. E.S.P.,Empresas,Teléfono movil,4G,591357
2021,1,COLOMBIA MOVIL  S.A ESP,Empresas,Data Card,4G,979
2020,3,EMPRESA DE TELECOMUNICACIONES DE BOGOTA S.A. ESP,Empresas,Teléfono movil,4G,18645
2021,4,COLOMBIA TELECOMUNICACIONES S.A. E.S.P.,Empresas,Data Card,2G,89468
2021,4,EMPRESA DE TELECOMUNICACIONES DE BOGOTA S.A. ESP,Personas,Teléfono movil,2G,252
2021,4,AVANTEL S.A.S,Personas,Teléfono movil,4G,24500
2021,1,VIRGIN MOBILE COLOMBIA S.A.S.,Personas,Teléfono movil,3G,0
2021,1,COLOMBIA TELECOMUNICACIONES S.A. E.S.P.,Personas,Teléfono movil,4G,2599007
2021,2,COLOMBIA TELECOMUNICACIONES S.A. E.S.P.,Personas,Data Card,3G,4413
2021,4,COMUNICACION CELULAR S A COMCEL S A,Personas,Data Card,2G,884
2021,4,COMUNICACION CELULAR S A COMCEL S A,Personas,Data Card,4G,611
2021,4,VIRGIN MOBILE COLOMBIA S.A.S.,Personas,Teléfono movil,3G,0
2021,1,EMPRESA DE TELECOMUNICACIONES DE BOGOTA S.A. ESP,Empresas,Teléfono movil,4G,16244
2021,1,EMPRESA DE TELECOMUNICACIONES DE BOGOTA S.A. ESP,Personas,Teléfono movil,4G,119216
2020,3,COLOMBIA MOVIL  S.A ESP,Personas,Teléfono movil,4G,1164363
2021,4,COLOMBIA MOVIL  S.A ESP,Empresas,Teléfono movil,2G,36669
2021,4,COMUNICACION CELULAR S A COMCEL S A,Empresas,Teléfono movil,4G,784036
2021,1,COLOMBIA MOVIL  S.A ESP,Personas,Teléfono movil,4G,1303787
2021,1,COMUNICACION CELULAR S A COMCEL S A,Personas,Data Card,3G,468
2021,1,COLOMBIA TELECOMUNICACIONES S.A. E.S.P.,Empresas,Teléfono movil,3G,358183
2021,4,COMUNICACION CELULAR S A COMCEL S A,Empresas,Teléfono movil,3G,179285
2021,4,COLOMBIA MOVIL  S.A ESP,Personas,Teléfono movil,2G,45083
2022,1,AVANTEL S.A.S,Empresas,Data Card,4G,10
2021,2,COLOMBIA MOVIL  S.A ESP,Empresas,Data Card,4G,1100
2021,1,COLOMBIA MOVIL  S.A ESP,Personas,Teléfono movil,2G,19797
2021,1,COLOMBIA TELECOMUNICACIONES S.A. E.S.P.,Empresas,Data Card,3G,192068
2020,3,AVANTEL S.A.S,Empresas,Teléfono movil,4G,43672
2021,1,COMUNICACION CELULAR S A COMCEL S A,Empresas,Data Card,4G,18712
2021,1,VIRGIN MOBILE COLOMBIA S.A.S.,Personas,Teléfono movil,4G,0
2021,2,VIRGIN MOBILE COLOMBIA S.A.S.,Personas,Teléfono movil,4G,0
2021,1,SETROC MOBILE GROUP SAS,Personas,Teléfono movil,4G,0
2021,2,EMPRESA DE TELECOMUNICACIONES DE BOGOTA S.A. ESP,Personas,Teléfono movil,2G,305
2021,1,AVANTEL S.A.S,Empresas,Teléfono movil,4G,31948
2021,1,COLOMBIA MOVIL  S.A ESP,Empresas,Teléfono movil,2G,41368
2022,1,COLOMBIA TELECOMUNICACIONES S.A. E.S.P.,Personas,Data Card,4G,5012
2021,1,COLOMBIA TELECOMUNICACIONES S.A. E.S.P.,Empresas,Data Card,2G,115895
2022,1,COMUNICACION CELULAR S A COMCEL S A,Personas,Teléfono movil,4G,6779758
2021,1,EMPRESA DE TELECOMUNICACIONES DE BOGOTA S.A. ESP,Personas,Teléfono movil,3G,5616
2022,1,AVANTEL S.A.S,Personas,Data Card,4G,62
2022,1,COLOMBIA TELECOMUNICACIONES S.A. E.S.P.,Personas,Data Card,2G,141
2021,2,EMPRESA DE TELECOMUNICACIONES DE BOGOTA S.A. ESP,Empresas,Teléfono movil,2G,115
2021,1,COLOMBIA TELECOMUNICACIONES S.A. E.S.P.,Personas,Data Card,4G,5931
2020,3,COMUNICACION CELULAR S A COMCEL S A,Personas,Data Card,2G,866
2022,1,COMUNICACION CELULAR S A COMCEL S A,Empresas,Teléfono movil,3G,180060
2022,1,COLOMBIA TELECOMUNICACIONES S.A. E.S.P.,Empresas,Teléfono movil,2G,73046
2021,1,COMUNICACION CELULAR S A COMCEL S A,Empresas,Teléfono movil,4G,726535
2021,2,COLOMBIA TELECOMUNICACIONES S.A. E.S.P.,Empresas,Data Card,4G,55287
2021,2,AVANTEL S.A.S,Personas,Data Card,4G,195
2022,1,COLOMBIA MOVIL  S.A ESP,Empresas,Data Card,3G,2156
2022,1,COLOMBIA TELECOMUNICACIONES S.A. E.S.P.,Empresas,Data Card,2G,89676
2022,1,EMPRESA DE TELECOMUNICACIONES DE BOGOTA S.A. ESP,Personas,Teléfono movil,2G,90
2021,1,COMUNICACION CELULAR S A COMCEL S A,Empresas,Teléfono movil,3G,167477
2021,1,COLOMBIA TELECOMUNICACIONES S.A. E.S.P.,Empresas,Data Card,4G,26668
2021,2,COLOMBIA MOVIL  S.A ESP,Personas,Data Card,4G,1932
2021,4,PARTNERS TELECOM COLOMBIA SAS,Personas,Data Card,4G,10810
2021,1,VIRGIN MOBILE COLOMBIA S.A.S.,Personas,Teléfono movil,2G,0
2022,1,PARTNERS TELECOM COLOMBIA SAS,Personas,Data Card,3G,49
2021,1,EMPRESA DE TELECOMUNICACIONES DE BOGOTA S.A. ESP,Empresas,Teléfono movil,3G,2650
2021,1,COMUNICACION CELULAR S A COMCEL S A,Personas,Teléfono movil,4G,5693545
2020,3,COMUNICACION CELULAR S A COMCEL S A,Personas,Data Card,4G,969
2022,1,COLOMBIA TELECOMUNICACIONES S.A. E.S.P.,Personas,Teléfono movil,3G,437648
2022,1,COLOMBIA TELECOMUNICACIONES S.A. E.S.P.,Personas,Teléfono movil,2G,11391
2021,4,PARTNERS TELECOM COLOMBIA SAS,Empresas,Teléfono movil,4G,3199
2021,1,COLOMBIA MOVIL  S.A ESP,Empresas,Teléfono movil,3G,7943
2021,1,COLOMBIA MOVIL  S.A ESP,Personas,Teléfono movil,3G,84025
2021,1,AVANTEL S.A.S,Empresas,Data Card,4G,28827
2022,1,COMUNICACION CELULAR S A COMCEL S A,Personas,Data Card,2G,827
2021,4,PARTNERS TELECOM COLOMBIA SAS,Empresas,Data Card,4G,60
2022,1,COLOMBIA MOVIL  S.A ESP,Personas,Teléfono movil,2G,36261
2021,2,COLOMBIA TELECOMUNICACIONES S.A. E.S.P.,Empresas,Data Card,2G,105758
2021,2,COLOMBIA TELECOMUNICACIONES S.A. E.S.P.,Personas,Teléfono movil,2G,14329
2021,2,PARTNERS TELECOM COLOMBIA SAS,Empresas,Teléfono movil,3G,507
2020,3,COLOMBIA TELECOMUNICACIONES S.A. E.S.P.,Personas,Data Card,4G,5800
2021,2,COMUNICACION CELULAR S A COMCEL S A,Personas,Data Card,3G,441
2021,2,VIRGIN MOBILE COLOMBIA S.A.S.,Personas,Teléfono movil,3G,0
2021,2,COMUNICACION CELULAR S A COMCEL S A,Empresas,Teléfono movil,2G,103775
2021,2,COMUNICACION CELULAR S A COMCEL S A,Empresas,Teléfono movil,4G,745055
2021,2,COLOMBIA TELECOMUNICACIONES S.A. E.S.P.,Personas,Teléfono movil,4G,2745004
2021,2,PARTNERS TELECOM COLOMBIA SAS,Personas,Teléfono movil,4G,199439
2021,2,PARTNERS TELECOM COLOMBIA SAS,Empresas,Teléfono movil,4G,842
2021,2,COLOMBIA MOVIL  S.A ESP,Empresas,Teléfono movil,2G,35639
2021,2,COMUNICACION CELULAR S A COMCEL S A,Personas,Teléfono movil,4G,5891523
2021,2,COLOMBIA TELECOMUNICACIONES S.A. E.S.P.,Empresas,Teléfono movil,4G,600007
2021,2,COLOMBIA MOVIL  S.A ESP,Personas,Teléfono movil,3G,87774
2021,2,PARTNERS TELECOM COLOMBIA SAS,Personas,Data Card,4G,1930
2021,2,COLOMBIA TELECOMUNICACIONES S.A. E.S.P.,Personas,Data Card,2G,90
2021,2,PARTNERS TELECOM COLOMBIA SAS,Empresas,Data Card,4G,4
2021,2,AVANTEL S.A.S,Personas,Teléfono movil,4G,188393
2021,2,COLOMBIA MOVIL  S.A ESP,Personas,Data Card,3G,1623
2021,2,COMUNICACION CELULAR S A COMCEL S A,Personas,Teléfono movil,2G,24864
2021,2,COLOMBIA TELECOMUNICACIONES S.A. E.S.P.,Personas,Teléfono movil,3G,457082
2021,2,COMUNICACION CELULAR S A COMCEL S A,Personas,Data Card,2G,813
2021,2,COLOMBIA TELECOMUNICACIONES S.A. E.S.P.,Empresas,Data Card,3G,193147
2021,2,COLOMBIA TELECOMUNICACIONES S.A. E.S.P.,Empresas,Teléfono movil,2G,66584
2021,2,SETROC MOBILE GROUP SAS,Personas,Teléfono movil,4G,0
2021,2,COLOMBIA MOVIL  S.A ESP,Personas,Teléfono movil,2G,22849
2021,2,AVANTEL S.A.S,Empresas,Data Card,4G,19795
2020,3,COMUNICACION CELULAR S A COMCEL S A,Empresas,Data Card,4G,17432
2021,2,COMUNICACION CELULAR S A COMCEL S A,Personas,Teléfono movil,3G,528568
2021,2,EMPRESA DE TELECOMUNICACIONES DE BOGOTA S.A. ESP,Empresas,Teléfono movil,3G,2497
2021,2,EMPRESA DE TELECOMUNICACIONES DE BOGOTA S.A. ESP,Personas,Teléfono movil,3G,4224
2021,2,COMUNICACION CELULAR S A COMCEL S A,Empresas,Data Card,4G,18051
2020,3,AVANTEL S.A.S,Personas,Data Card,4G,569
2021,2,EMPRESA DE TELECOMUNICACIONES DE BOGOTA S.A. ESP,Personas,Teléfono movil,4G,95637
2021,2,PARTNERS TELECOM COLOMBIA SAS,Personas,Teléfono movil,3G,114550
2021,2,AVANTEL S.A.S,Empresas,Teléfono movil,4G,19834
2021,2,PARTNERS TELECOM COLOMBIA SAS,Personas,Data Card,3G,49
2021,2,COMUNICACION CELULAR S A COMCEL S A,Empresas,Data Card,3G,112636
2021,2,COLOMBIA MOVIL  S.A ESP,Personas,Teléfono movil,4G,1508739
2023,1,COMUNICACION CELULAR S A COMCEL S A,Personas,Data Card,2G,716
2021,2,COLOMBIA MOVIL  S.A ESP,Empresas,Teléfono movil,4G,78335
2023,1,COLOMBIA MOVIL  S.A ESP,Personas,Teléfono movil,4G,2548721
2020,3,EMPRESA DE TELECOMUNICACIONES DE BOGOTA S.A. ESP,Personas,Teléfono movil,4G,120671
2023,1,COMUNICACION CELULAR S A COMCEL S A,Personas,Teléfono movil,2G,15158
2023,1,COMUNICACION CELULAR S A COMCEL S A,Personas,Data Card,4G,527
2021,2,COLOMBIA TELECOMUNICACIONES S.A. E.S.P.,Personas,Data Card,4G,6498
2021,3,COLOMBIA TELECOMUNICACIONES S.A. E.S.P.,Personas,Data Card,4G,7305
2021,3,COLOMBIA MOVIL  S.A ESP,Empresas,Teléfono movil,3G,791
2023,1,EMPRESA DE TELECOMUNICACIONES DE BOGOTA S.A. ESP,Personas,Teléfono movil,3G,2173
2021,3,COLOMBIA TELECOMUNICACIONES S.A. E.S.P.,Personas,Teléfono movil,3G,436236
2021,3,EMPRESA DE TELECOMUNICACIONES DE BOGOTA S.A. ESP,Personas,Teléfono movil,3G,3658
2021,3,COLOMBIA MOVIL  S.A ESP,Personas,Teléfono movil,4G,1711113
2023,1,COLOMBIA TELECOMUNICACIONES S.A. E.S.P.,Personas,Teléfono movil,4G,3590457
2023,1,COLOMBIA TELECOMUNICACIONES S.A. E.S.P.,Empresas,Teléfono movil,4G,606210
2023,1,COLOMBIA TELECOMUNICACIONES S.A. E.S.P.,Personas,Data Card,4G,5062
2021,3,COMUNICACION CELULAR S A COMCEL S A,Empresas,Data Card,4G,18410
2021,3,COLOMBIA MOVIL  S.A ESP,Empresas,Teléfono movil,4G,276740
2021,3,EMPRESA DE TELECOMUNICACIONES DE BOGOTA S.A. ESP,Personas,Teléfono movil,2G,301
2023,1,COLOMBIA MOVIL  S.A ESP,Empresas,Teléfono movil,3G,42472
2023,1,COLOMBIA MOVIL  S.A ESP,Personas,Teléfono movil,3G,79670
2023,1,COLOMBIA TELECOMUNICACIONES S.A. E.S.P.,Empresas,Data Card,2G,48401
2021,3,COLOMBIA TELECOMUNICACIONES S.A. E.S.P.,Personas,Data Card,3G,4129
2021,3,COMUNICACION CELULAR S A COMCEL S A,Empresas,Teléfono movil,4G,778250
2021,3,COMUNICACION CELULAR S A COMCEL S A,Personas,Data Card,2G,784
2023,1,COLOMBIA MOVIL  S.A ESP,Empresas,Data Card,4G,5507
2023,1,COLOMBIA MOVIL  S.A ESP,Empresas,Data Card,3G,658
2023,1,VIRGIN MOBILE COLOMBIA S.A.S.,Personas,Teléfono movil,4G,0
2020,3,VIRGIN MOBILE COLOMBIA S.A.S.,Personas,Teléfono movil,2G,0
2021,3,COMUNICACION CELULAR S A COMCEL S A,Empresas,Data Card,3G,115319
2021,3,COLOMBIA TELECOMUNICACIONES S.A. E.S.P.,Empresas,Data Card,2G,97917
2023,1,COMUNICACION CELULAR S A COMCEL S A,Personas,Teléfono movil,4G,7524091
2023,1,VIRGIN MOBILE COLOMBIA S.A.S.,Personas,Teléfono movil,2G,0
2023,1,PARTNERS TELECOM COLOMBIA SAS,Empresas,Teléfono movil,3G,717
2021,3,COLOMBIA MOVIL  S.A ESP,Empresas,Data Card,3G,36
2021,3,COMUNICACION CELULAR S A COMCEL S A,Personas,Teléfono movil,4G,6133467
2021,3,COMUNICACION CELULAR S A COMCEL S A,Empresas,Data Card,2G,105823
2020,3,COLOMBIA TELECOMUNICACIONES S.A. E.S.P.,Personas,Data Card,2G,118
2021,3,COMUNICACION CELULAR S A COMCEL S A,Personas,Data Card,3G,394
2021,3,VIRGIN MOBILE COLOMBIA S.A.S.,Personas,Teléfono movil,2G,0
2021,3,COLOMBIA MOVIL  S.A ESP,Empresas,Teléfono movil,2G,5007
2020,3,COMUNICACION CELULAR S A COMCEL S A,Personas,Teléfono movil,3G,639586
2021,3,EMPRESA DE TELECOMUNICACIONES DE BOGOTA S.A. ESP,Empresas,Teléfono movil,2G,69
2023,1,COLOMBIA TELECOMUNICACIONES S.A. E.S.P.,Personas,Data Card,3G,4093
2021,3,COLOMBIA MOVIL  S.A ESP,Personas,Teléfono movil,2G,36501
2021,3,PARTNERS TELECOM COLOMBIA SAS,Personas,Data Card,3G,245
2021,3,COMUNICACION CELULAR S A COMCEL S A,Empresas,Teléfono movil,2G,109896
2021,3,COMUNICACION CELULAR S A COMCEL S A,Personas,Teléfono movil,2G,22593
2023,1,COMUNICACION CELULAR S A COMCEL S A,Personas,Data Card,3G,167
2020,3,COLOMBIA TELECOMUNICACIONES S.A. E.S.P.,Empresas,Teléfono movil,2G,61626
2023,1,COMUNICACION CELULAR S A COMCEL S A,Empresas,Data Card,3G,119550
2021,3,COLOMBIA TELECOMUNICACIONES S.A. E.S.P.,Personas,Teléfono movil,2G,13388
2023,1,COLOMBIA MOVIL  S.A ESP,Empresas,Teléfono movil,2G,0
2023,1,COMUNICACION CELULAR S A COMCEL S A,Empresas,Teléfono movil,3G,181278
2021,3,COLOMBIA TELECOMUNICACIONES S.A. E.S.P.,Empresas,Teléfono movil,4G,637976
2021,3,PARTNERS TELECOM COLOMBIA SAS,Personas,Teléfono movil,3G,141820
2021,3,COMUNICACION CELULAR S A COMCEL S A,Personas,Data Card,4G,634
2023,1,COMUNICACION CELULAR S A COMCEL S A,Empresas,Teléfono movil,2G,114297
2023,1,PARTNERS TELECOM COLOMBIA SAS,Personas,Data Card,4G,21323
2021,3,COLOMBIA TELECOMUNICACIONES S.A. E.S.P.,Personas,Data Card,2G,97
2021,3,PARTNERS TELECOM COLOMBIA SAS,Empresas,Data Card,4G,58
2021,3,EMPRESA DE TELECOMUNICACIONES DE BOGOTA S.A. ESP,Empresas,Teléfono movil,3G,2036
2023,1,COLOMBIA MOVIL  S.A ESP,Personas,Data Card,3G,750
2023,1,EMPRESA DE TELECOMUNICACIONES DE BOGOTA S.A. ESP,Personas,Teléfono movil,4G,109328
2023,1,COLOMBIA MOVIL  S.A ESP,Empresas,Teléfono movil,4G,254820
2021,3,VIRGIN MOBILE COLOMBIA S.A.S.,Personas,Teléfono movil,4G,0
2020,3,COLOMBIA MOVIL  S.A ESP,Personas,Teléfono movil,2G,21197
2021,3,AVANTEL S.A.S,Empresas,Teléfono movil,4G,13200
2023,1,VIRGIN MOBILE COLOMBIA S.A.S.,Personas,Teléfono movil,3G,0
2023,1,COLOMBIA TELECOMUNICACIONES S.A. E.S.P.,Empresas,Data Card,3G,192924
2021,4,COLOMBIA TELECOMUNICACIONES S.A. E.S.P.,Personas,Teléfono movil,3G,428011
2021,4,COLOMBIA MOVIL  S.A ESP,Empresas,Teléfono movil,4G,200561
2020,3,COLOMBIA TELECOMUNICACIONES S.A. E.S.P.,Personas,Teléfono movil,2G,19960
2023,1,COLOMBIA TELECOMUNICACIONES S.A. E.S.P.,Empresas,Teléfono movil,3G,478986
2023,1,COLOMBIA TELECOMUNICACIONES S.A. E.S.P.,Empresas,Teléfono movil,2G,52102
2023,1,EMPRESA DE TELECOMUNICACIONES DE BOGOTA S.A. ESP,Empresas,Teléfono movil,4G,25500
2021,4,COLOMBIA TELECOMUNICACIONES S.A. E.S.P.,Empresas,Teléfono movil,4G,617203
2021,4,COMUNICACION CELULAR S A COMCEL S A,Personas,Teléfono movil,4G,6495692
2021,4,COLOMBIA TELECOMUNICACIONES S.A. E.S.P.,Empresas,Teléfono movil,3G,397995
2023,1,PARTNERS TELECOM COLOMBIA SAS,Empresas,Teléfono movil,4G,8300
2023,1,COMUNICACION CELULAR S A COMCEL S A,Empresas,Teléfono movil,4G,993145
2023,1,PARTNERS TELECOM COLOMBIA SAS,Personas,Teléfono movil,3G,110481
2021,4,COMUNICACION CELULAR S A COMCEL S A,Empresas,Data Card,3G,119725
2021,4,EMPRESA DE TELECOMUNICACIONES DE BOGOTA S.A. ESP,Personas,Teléfono movil,4G,76821
2021,4,COMUNICACION CELULAR S A COMCEL S A,Personas,Teléfono movil,2G,20361
2021,4,AVANTEL S.A.S,Empresas,Data Card,4G,12
2021,4,AVANTEL S.A.S,Empresas,Teléfono movil,4G,8446
2020,3,COLOMBIA MOVIL  S.A ESP,Empresas,Teléfono movil,4G,23850
2021,4,COLOMBIA TELECOMUNICACIONES S.A. E.S.P.,Empresas,Teléfono movil,2G,78510
2021,4,EMPRESA DE TELECOMUNICACIONES DE BOGOTA S.A. ESP,Empresas,Teléfono movil,2G,28
2021,4,COMUNICACION CELULAR S A COMCEL S A,Personas,Data Card,3G,332
2020,3,COMUNICACION CELULAR S A COMCEL S A,Personas,Data Card,3G,828
2021,4,COMUNICACION CELULAR S A COMCEL S A,Empresas,Data Card,4G,19548
2021,4,COLOMBIA MOVIL  S.A ESP,Personas,Teléfono movil,3G,90142
2020,3,AVANTEL S.A.S,Personas,Teléfono movil,4G,307113
2020,3,COLOMBIA TELECOMUNICACIONES S.A. E.S.P.,Personas,Teléfono movil,3G,462146
2021,4,COLOMBIA TELECOMUNICACIONES S.A. E.S.P.,Personas,Data Card,2G,105
2021,4,COLOMBIA TELECOMUNICACIONES S.A. E.S.P.,Personas,Teléfono movil,2G,12306
2020,3,COMUNICACION CELULAR S A COMCEL S A,Empresas,Teléfono movil,4G,656965
2021,4,COLOMBIA MOVIL  S.A ESP,Personas,Data Card,4G,2017
2021,4,COLOMBIA TELECOMUNICACIONES S.A. E.S.P.,Empresas,Data Card,4G,58219
2021,4,EMPRESA DE TELECOMUNICACIONES DE BOGOTA S.A. ESP,Personas,Teléfono movil,3G,3196
2021,4,AVANTEL S.A.S,Personas,Data Card,4G,63
2021,4,VIRGIN MOBILE COLOMBIA S.A.S.,Personas,Teléfono movil,2G,0
2021,4,VIRGIN MOBILE COLOMBIA S.A.S.,Personas,Teléfono movil,2G,0
2021,4,VIRGIN MOBILE COLOMBIA S.A.S.,Personas,Teléfono movil,2G,0
2021,4,COLOMBIA MOVIL  S.A ESP,Personas,Data Card,3G,1247
2021,4,COLOMBIA MOVIL  S.A ESP,Empresas,Data Card,3G,7597
2020,3,COLOMBIA TELECOMUNICACIONES S.A. E.S.P.,Personas,Teléfono movil,4G,2330327
2021,4,SETROC MOBILE GROUP SAS,Personas,Teléfono movil,4G,0
2021,4,EMPRESA DE TELECOMUNICACIONES DE BOGOTA S.A. ESP,Empresas,Teléfono movil,4G,8662
2021,4,VIRGIN MOBILE COLOMBIA S.A.S.,Personas,Teléfono movil,4G,0
2021,4,COLOMBIA TELECOMUNICACIONES S.A. E.S.P.,Empresas,Data Card,3G,183341
2021,4,COLOMBIA TELECOMUNICACIONES S.A. E.S.P.,Personas,Teléfono movil,4G,3034629
2021,4,COLOMBIA TELECOMUNICACIONES S.A. E.S.P.,Personas,Data Card,4G,7891
2021,4,COLOMBIA MOVIL  S.A ESP,Empresas,Data Card,4G,6594
2021,4,COLOMBIA MOVIL  S.A ESP,Empresas,Teléfono movil,3G,18201
2021,4,COLOMBIA MOVIL  S.A ESP,Personas,Teléfono movil,4G,1872051
2021,4,COLOMBIA TELECOMUNICACIONES S.A. E.S.P.,Personas,Data Card,3G,3950
2021,4,COMUNICACION CELULAR S A COMCEL S A,Empresas,Data Card,2G,101306
2022,1,COLOMBIA TELECOMUNICACIONES S.A. E.S.P.,Empresas,Teléfono movil,4G,603356
2023,1,EMPRESA DE TELECOMUNICACIONES DE BOGOTA S.A. ESP,Empresas,Teléfono movil,3G,430
2023,1,COLOMBIA TELECOMUNICACIONES S.A. E.S.P.,Personas,Teléfono movil,3G,443873
2023,1,COLOMBIA TELECOMUNICACIONES S.A. E.S.P.,Personas,Teléfono movil,3G,443873
2023,1,COLOMBIA TELECOMUNICACIONES S.A. E.S.P.,Personas,Teléfono movil,3G,443873
2023,1,COMUNICACION CELULAR S A COMCEL S A,Empresas,Data Card,4G,32170
2022,1,COMUNICACION CELULAR S A COMCEL S A,Personas,Teléfono movil,3G,460749
2022,1,COLOMBIA TELECOMUNICACIONES S.A. E.S.P.,Empresas,Teléfono movil,3G,431315
2023,1,PARTNERS TELECOM COLOMBIA SAS,Empresas,Data Card,4G,1167
2023,1,COLOMBIA MOVIL  S.A ESP,Personas,Teléfono movil,2G,0
2022,1,COMUNICACION CELULAR S A COMCEL S A,Personas,Data Card,4G,535
2022,1,COLOMBIA TELECOMUNICACIONES S.A. E.S.P.,Empresas,Data Card,4G,65648
2021,4,PARTNERS TELECOM COLOMBIA SAS,Personas,Data Card,3G,598
2022,1,COLOMBIA MOVIL  S.A ESP,Empresas,Data Card,4G,5845
2022,1,COMUNICACION CELULAR S A COMCEL S A,Empresas,Data Card,4G,20044
2023,1,COLOMBIA TELECOMUNICACIONES S.A. E.S.P.,Personas,Data Card,2G,93
2022,1,AVANTEL S.A.S,Personas,Teléfono movil,4G,12024
2020,3,VIRGIN MOBILE COLOMBIA S.A.S.,Personas,Teléfono movil,3G,0
2022,1,EMPRESA DE TELECOMUNICACIONES DE BOGOTA S.A. ESP,Empresas,Teléfono movil,4G,7725
2023,1,SETROC MOBILE GROUP SAS,Personas,Teléfono movil,4G,0
2022,1,PARTNERS TELECOM COLOMBIA SAS,Personas,Teléfono movil,4G,736144
2021,4,PARTNERS TELECOM COLOMBIA SAS,Personas,Teléfono movil,4G,654300
2022,1,EMPRESA DE TELECOMUNICACIONES DE BOGOTA S.A. ESP,Personas,Teléfono movil,4G,80662
2022,1,PARTNERS TELECOM COLOMBIA SAS,Empresas,Teléfono movil,3G,600
2023,1,COMUNICACION CELULAR S A COMCEL S A,Empresas,Data Card,2G,70802
2023,1,COMUNICACION CELULAR S A COMCEL S A,Personas,Teléfono movil,3G,383611
2022,1,VIRGIN MOBILE COLOMBIA S.A.S.,Personas,Teléfono movil,3G,0
2022,1,COLOMBIA TELECOMUNICACIONES S.A. E.S.P.,Personas,Data Card,3G,3863
2023,1,COLOMBIA MOVIL  S.A ESP,Personas,Data Card,4G,2384
2023,1,PARTNERS TELECOM COLOMBIA SAS,Personas,Teléfono movil,4G,1346664
2023,1,COLOMBIA TELECOMUNICACIONES S.A. E.S.P.,Personas,Teléfono movil,2G,4777
2023,1,COLOMBIA TELECOMUNICACIONES S.A. E.S.P.,Empresas,Data Card,4G,23065
2022,1,EMPRESA DE TELECOMUNICACIONES DE BOGOTA S.A. ESP,Personas,Teléfono movil,3G,2217
2022,1,VIRGIN MOBILE COLOMBIA S.A.S.,Personas,Teléfono movil,4G,0
2022,1,COMUNICACION CELULAR S A COMCEL S A,Personas,Data Card,3G,277
2022,1,EMPRESA DE TELECOMUNICACIONES DE BOGOTA S.A. ESP,,Teléfono movil,2G,10
2022,1,PARTNERS TELECOM COLOMBIA SAS,Empresas,Data Card,4G,185
2021,4,PARTNERS TELECOM COLOMBIA SAS,Empresas,Teléfono movil,3G,733
2022,1,COLOMBIA TELECOMUNICACIONES S.A. E.S.P.,Empresas,Data Card,3G,171447
2023,2,COLOMBIA TELECOMUNICACIONES S.A. E.S.P.,Empresas,Teléfono movil,3G,490965
2023,2,COMUNICACION CELULAR S A COMCEL S A,Empresas,Data Card,2G,65018
2023,2,COLOMBIA MOVIL  S.A ESP,Personas,Teléfono movil,3G,
2022,1,EMPRESA DE TELECOMUNICACIONES DE BOGOTA S.A. ESP,Empresas,Teléfono movil,3G,311
2023,2,COLOMBIA TELECOMUNICACIONES S.A. E.S.P.,Personas,Teléfono movil,4G,3658955
2022,1,COMUNICACION CELULAR S A COMCEL S A,Empresas,Teléfono movil,2G,117020
2022,1,COMUNICACION CELULAR S A COMCEL S A,Empresas,Data Card,2G,95825
2022,1,COLOMBIA MOVIL  S.A ESP,Personas,Data Card,3G,1277
2022,1,COLOMBIA MOVIL  S.A ESP,Personas,Data Card,3G,1277
2022,1,COLOMBIA MOVIL  S.A ESP,Personas,Data Card,3G,1277
2022,1,COLOMBIA MOVIL  S.A ESP,Personas,Data Card,4G,2124
2023,2,PARTNERS TELECOM COLOMBIA SAS,Personas,Teléfono movil,3G,138931
2023,2,COMUNICACION CELULAR S A COMCEL S A,Empresas,Data Card,4G,34707
2023,2,PARTNERS TELECOM COLOMBIA SAS,Empresas,Teléfono movil,3G,1217
2023,2,COMUNICACION CELULAR S A COMCEL S A,Empresas,Teléfono movil,3G,174200
2023,2,COMUNICACION CELULAR S A COMCEL S A,Personas,Data Card,3G,146
2022,1,COLOMBIA MOVIL  S.A ESP,Personas,Teléfono movil,4G,2043104
2022,1,PARTNERS TELECOM COLOMBIA SAS,Empresas,Teléfono movil,4G,4505
2022,1,PARTNERS TELECOM COLOMBIA SAS,Personas,Data Card,4G,14950
2022,1,COMUNICACION CELULAR S A COMCEL S A,Empresas,Data Card,3G,121494
2022,1,COMUNICACION CELULAR S A COMCEL S A,Personas,Teléfono movil,2G,19340
2022,1,COLOMBIA TELECOMUNICACIONES S.A. E.S.P.,Personas,Teléfono movil,4G,3151316
2021,4,PARTNERS TELECOM COLOMBIA SAS,Personas,Teléfono movil,3G,106672
2023,2,COLOMBIA TELECOMUNICACIONES S.A. E.S.P.,Empresas,Teléfono movil,4G,609264
2023,2,PARTNERS TELECOM COLOMBIA SAS,Empresas,Teléfono movil,4G,13156
2022,1,COLOMBIA MOVIL  S.A ESP,Personas,Teléfono movil,3G,98186
2022,1,AVANTEL S.A.S,Empresas,Teléfono movil,4G,5432
2022,1,VIRGIN MOBILE COLOMBIA S.A.S.,Personas,Teléfono movil,2G,0
2022,1,COLOMBIA MOVIL  S.A ESP,Empresas,Teléfono movil,3G,15992
2023,2,COMUNICACION CELULAR S A COMCEL S A,Empresas,Teléfono movil,2G,110879
2023,2,COLOMBIA TELECOMUNICACIONES S.A. E.S.P.,Personas,Data Card,3G,4281
2022,1,PARTNERS TELECOM COLOMBIA SAS,Personas,Teléfono movil,3G,77046
2022,1,SETROC MOBILE GROUP SAS,Personas,Teléfono movil,4G,0
2022,1,COMUNICACION CELULAR S A COMCEL S A,Empresas,Teléfono movil,4G,808935
2022,1,COLOMBIA MOVIL  S.A ESP,Empresas,Teléfono movil,2G,31389
2022,1,COLOMBIA MOVIL  S.A ESP,Empresas,Teléfono movil,4G,210508
2023,2,SETROC MOBILE GROUP SAS,Personas,Teléfono movil,4G,0
2023,2,COMUNICACION CELULAR S A COMCEL S A,Empresas,Data Card,3G,113769
2023,2,COLOMBIA TELECOMUNICACIONES S.A. E.S.P.,Personas,Data Card,4G,4974
2023,2,COMUNICACION CELULAR S A COMCEL S A,Personas,Teléfono movil,4G,7652954
2023,2,COLOMBIA MOVIL  S.A ESP,Empresas,Data Card,4G,9063
2023,2,COLOMBIA TELECOMUNICACIONES S.A. E.S.P.,Personas,Data Card,2G,74
2023,2,EMPRESA DE TELECOMUNICACIONES DE BOGOTA S.A. ESP,Personas,Teléfono movil,3G,2023
2023,2,PARTNERS TELECOM COLOMBIA SAS,Empresas,Data Card,4G,1599
2023,2,COLOMBIA MOVIL  S.A ESP,Empresas,Teléfono movil,4G,253637
2023,2,COMUNICACION CELULAR S A COMCEL S A,Personas,Teléfono movil,2G,14093
2023,2,VIRGIN MOBILE COLOMBIA S.A.S.,Personas,Teléfono movil,4G,0
2023,2,COLOMBIA TELECOMUNICACIONES S.A. E.S.P.,Empresas,Data Card,4G,24149
2023,2,COLOMBIA MOVIL  S.A ESP,Empresas,Data Card,3G,536
2023,2,COLOMBIA MOVIL  S.A ESP,Personas,Teléfono movil,4G,2593809
2023,2,COLOMBIA TELECOMUNICACIONES S.A. E.S.P.,Empresas,Teléfono movil,2G,50065
2023,2,COLOMBIA TELECOMUNICACIONES S.A. E.S.P.,Personas,Teléfono movil,3G,434696
2023,2,VIRGIN MOBILE COLOMBIA S.A.S.,Personas,Teléfono movil,2G,0
2023,2,COMUNICACION CELULAR S A COMCEL S A,Personas,Teléfono movil,3G,342524
2023,2,COMUNICACION CELULAR S A COMCEL S A,Personas,Data Card,2G,595
2023,2,COMUNICACION CELULAR S A COMCEL S A,Personas,Data Card,4G,580
2023,2,COLOMBIA MOVIL  S.A ESP,Empresas,Teléfono movil,3G,33097
2023,2,COLOMBIA TELECOMUNICACIONES S.A. E.S.P.,Personas,Teléfono movil,2G,4355
2023,2,EMPRESA DE TELECOMUNICACIONES DE BOGOTA S.A. ESP,Personas,Teléfono movil,4G,109055
2023,2,EMPRESA DE TELECOMUNICACIONES DE BOGOTA S.A. ESP,Empresas,Teléfono movil,3G,1191
2023,2,COLOMBIA TELECOMUNICACIONES S.A. E.S.P.,Empresas,Data Card,3G,194060
2023,2,EMPRESA DE TELECOMUNICACIONES DE BOGOTA S.A. ESP,Empresas,Teléfono movil,4G,50645
2023,2,PARTNERS TELECOM COLOMBIA SAS,Personas,Data Card,4G,22413
2023,2,INSIDENET SAS,Personas,Data Card,2G,75
2023,2,COMUNICACION CELULAR S A COMCEL S A,Empresas,Teléfono movil,4G,1056781
2023,2,PARTNERS TELECOM COLOMBIA SAS,Personas,Data Card,3G,1
2023,2,PARTNERS TELECOM COLOMBIA SAS,Personas,Teléfono movil,4G,1474309
2023,2,COLOMBIA MOVIL  S.A ESP,Personas,Data Card,3G,686
2023,2,COLOMBIA MOVIL  S.A ESP,Personas,Data Card,4G,2965
2023,2,COLOMBIA TELECOMUNICACIONES S.A. E.S.P.,Empresas,Data Card,2G,43504
2020,3,VIRGIN MOBILE COLOMBIA S.A.S.,Personas,Teléfono movil,4G,0
2020,3,COLOMBIA TELECOMUNICACIONES S.A. E.S.P.,Empresas,Data Card,3G,173693
2020,3,COLOMBIA MOVIL  S.A ESP,Empresas,Teléfono movil,2G,51452
2020,3,AVANTEL S.A.S,Empresas,Data Card,4G,36947
2020,3,COMUNICACION CELULAR S A COMCEL S A,Empresas,Data Card,3G,100401
2020,3,COMUNICACION CELULAR S A COMCEL S A,Empresas,Data Card,2G,126872
2020,3,COLOMBIA MOVIL  S.A ESP,Empresas,Data Card,3G,2838
2020,3,COMUNICACION CELULAR S A COMCEL S A,Empresas,Teléfono movil,3G,174461
2020,3,EMPRESA DE TELECOMUNICACIONES DE BOGOTA S.A. ESP,Empresas,Teléfono movil,2G,377
2020,3,COLOMBIA TELECOMUNICACIONES S.A. E.S.P.,Empresas,Data Card,4G,21473
2020,3,COLOMBIA MOVIL  S.A ESP,Empresas,Data Card,4G,874
2020,3,COLOMBIA TELECOMUNICACIONES S.A. E.S.P.,Empresas,Data Card,2G,137192
2020,3,COLOMBIA MOVIL  S.A ESP,Personas,Teléfono movil,3G,93299
2020,3,COMUNICACION CELULAR S A COMCEL S A,Empresas,Teléfono movil,2G,105694
2020,3,COLOMBIA MOVIL  S.A ESP,Empresas,Teléfono movil,3G,6231
2020,3,COLOMBIA TELECOMUNICACIONES S.A. E.S.P.,Empresas,Teléfono movil,3G,368901
2020,3,EMPRESA DE TELECOMUNICACIONES DE BOGOTA S.A. ESP,Empresas,Teléfono movil,3G,5067
2020,3,EMPRESA DE TELECOMUNICACIONES DE BOGOTA S.A. ESP,Personas,Teléfono movil,2G,369
2020,3,COLOMBIA TELECOMUNICACIONES S.A. E.S.P.,Personas,Data Card,3G,5042
2020,3,COMUNICACION CELULAR S A COMCEL S A,Personas,Teléfono movil,4G,5201548
2020,4,VIRGIN MOBILE COLOMBIA S.A.S.,Personas,Teléfono movil,4G,0
2020,4,COLOMBIA TELECOMUNICACIONES S.A. E.S.P.,Empresas,Teléfono movil,3G,339170
2020,4,COLOMBIA TELECOMUNICACIONES S.A. E.S.P.,Personas,Data Card,4G,5519
2020,4,AVANTEL S.A.S,Personas,Data Card,4G,509
2020,4,EMPRESA DE TELECOMUNICACIONES DE BOGOTA S.A. ESP,Personas,Teléfono movil,3G,5332
2020,4,COLOMBIA TELECOMUNICACIONES S.A. E.S.P.,Empresas,Teléfono movil,2G,62517
2020,4,COLOMBIA TELECOMUNICACIONES S.A. E.S.P.,Personas,Teléfono movil,2G,15879
2020,4,COMUNICACION CELULAR S A COMCEL S A,Personas,Data Card,4G,834
2020,4,COLOMBIA TELECOMUNICACIONES S.A. E.S.P.,Empresas,Data Card,4G,20842
2020,4,COLOMBIA TELECOMUNICACIONES S.A. E.S.P.,Personas,Data Card,3G,4749
2020,4,COLOMBIA MOVIL  S.A ESP,Empresas,Data Card,3G,2321
2020,4,COLOMBIA TELECOMUNICACIONES S.A. E.S.P.,Empresas,Data Card,2G,123917
2020,4,COLOMBIA MOVIL  S.A ESP,Empresas,Data Card,4G,946
2020,4,COMUNICACION CELULAR S A COMCEL S A,Personas,Teléfono movil,2G,29199
2020,4,SETROC MOBILE GROUP SAS,Personas,Teléfono movil,4G,0
2020,4,COLOMBIA MOVIL  S.A ESP,Personas,Teléfono movil,3G,82519
2020,4,COMUNICACION CELULAR S A COMCEL S A,Personas,Data Card,2G,867
2020,4,COLOMBIA TELECOMUNICACIONES S.A. E.S.P.,Personas,Teléfono movil,4G,2470952
2020,4,COMUNICACION CELULAR S A COMCEL S A,Empresas,Data Card,4G,20100
2020,4,EMPRESA DE TELECOMUNICACIONES DE BOGOTA S.A. ESP,Empresas,Teléfono movil,2G,276
2020,4,EMPRESA DE TELECOMUNICACIONES DE BOGOTA S.A. ESP,Empresas,Teléfono movil,3G,4016
2020,4,COLOMBIA MOVIL  S.A ESP,Empresas,Teléfono movil,3G,6597
2020,4,VIRGIN MOBILE COLOMBIA S.A.S.,Personas,Teléfono movil,3G,0
2020,4,COLOMBIA MOVIL  S.A ESP,Empresas,Teléfono movil,4G,34522
2020,4,COLOMBIA TELECOMUNICACIONES S.A. E.S.P.,Empresas,Data Card,3G,172507
2020,4,COMUNICACION CELULAR S A COMCEL S A,Personas,Data Card,3G,605
2020,4,COMUNICACION CELULAR S A COMCEL S A,Empresas,Teléfono movil,2G,104775
2020,4,AVANTEL S.A.S,Personas,Teléfono movil,4G,337722
2020,4,COLOMBIA TELECOMUNICACIONES S.A. E.S.P.,Personas,Teléfono movil,3G,439518
2020,4,COLOMBIA MOVIL  S.A ESP,Empresas,Teléfono movil,2G,46727
2020,4,COMUNICACION CELULAR S A COMCEL S A,Empresas,Data Card,2G,122387
2020,4,EMPRESA DE TELECOMUNICACIONES DE BOGOTA S.A. ESP,Personas,Teléfono movil,2G,378
2020,4,COLOMBIA MOVIL  S.A ESP,Personas,Teléfono movil,4G,1220738
2020,4,COLOMBIA MOVIL  S.A ESP,Personas,Teléfono movil,2G,20560
2020,4,COMUNICACION CELULAR S A COMCEL S A,Empresas,Teléfono movil,3G,186169
2020,4,AVANTEL S.A.S,Empresas,Teléfono movil,4G,37131
2023,2,VIRGIN MOBILE COLOMBIA S.A.S.,Personas,Teléfono movil,3G,0
2020,4,EMPRESA DE TELECOMUNICACIONES DE BOGOTA S.A. ESP,Empresas,Teléfono movil,4G,16579
2020,4,COMUNICACION CELULAR S A COMCEL S A,Empresas,Teléfono movil,4G,736852
2020,4,COMUNICACION CELULAR S A COMCEL S A,Personas,Teléfono movil,4G,5452016
2020,4,COLOMBIA MOVIL  S.A ESP,Personas,Data Card,4G,1551
2020,4,AVANTEL S.A.S,Empresas,Data Card,4G,34900
2020,4,EMPRESA DE TELECOMUNICACIONES DE BOGOTA S.A. ESP,Personas,Teléfono movil,4G,120747
2020,4,COMUNICACION CELULAR S A COMCEL S A,Empresas,Data Card,3G,108489
2020,4,COLOMBIA TELECOMUNICACIONES S.A. E.S.P.,Empresas,Teléfono movil,4G,572369
2020,4,COLOMBIA TELECOMUNICACIONES S.A. E.S.P.,Personas,Data Card,2G,88
2020,4,VIRGIN MOBILE COLOMBIA S.A.S.,Personas,Teléfono movil,2G,0
2020,4,COLOMBIA MOVIL  S.A ESP,Personas,Data Card,3G,2039
2020,4,COMUNICACION CELULAR S A COMCEL S A,Personas,Teléfono movil,3G,597441
2022,2,SETROC MOBILE GROUP SAS,Personas,Teléfono movil,4G,0
2022,2,COMUNICACION CELULAR S A COMCEL S A,Personas,Data Card,2G,1011
2022,2,COLOMBIA TELECOMUNICACIONES S.A. E.S.P.,Personas,Data Card,4G,4941
2022,2,AVANTEL S.A.S,Empresas,Data Card,4G,7
2022,2,COMUNICACION CELULAR S A COMCEL S A,Empresas,Data Card,4G,20686
2022,2,COLOMBIA MOVIL  S.A ESP,Empresas,Teléfono movil,4G,231797
2022,2,COLOMBIA TELECOMUNICACIONES S.A. E.S.P.,Empresas,Data Card,2G,83487
2022,2,COMUNICACION CELULAR S A COMCEL S A,Empresas,Teléfono movil,3G,196082
2022,2,COLOMBIA TELECOMUNICACIONES S.A. E.S.P.,Empresas,Teléfono movil,4G,606822
2022,2,VIRGIN MOBILE COLOMBIA S.A.S.,Personas,Teléfono movil,3G,0
2022,2,COLOMBIA TELECOMUNICACIONES S.A. E.S.P.,Personas,Teléfono movil,2G,10265
2022,2,COLOMBIA TELECOMUNICACIONES S.A. E.S.P.,Personas,Data Card,2G,135
2022,2,COMUNICACION CELULAR S A COMCEL S A,Personas,Teléfono movil,3G,445072
2022,2,COMUNICACION CELULAR S A COMCEL S A,Empresas,Data Card,3G,120679
2022,2,COMUNICACION CELULAR S A COMCEL S A,Personas,Teléfono movil,4G,7029480
2022,2,COMUNICACION CELULAR S A COMCEL S A,Personas,Data Card,3G,250
2022,2,COMUNICACION CELULAR S A COMCEL S A,Empresas,Teléfono movil,2G,146641
2022,2,EMPRESA DE TELECOMUNICACIONES DE BOGOTA S.A. ESP,Personas,Teléfono movil,4G,83989
2022,2,PARTNERS TELECOM COLOMBIA SAS,Empresas,Teléfono movil,4G,5263
2022,2,PARTNERS TELECOM COLOMBIA SAS,Empresas,Data Card,4G,405
2022,2,COLOMBIA TELECOMUNICACIONES S.A. E.S.P.,Personas,Teléfono movil,4G,3252171
2022,2,COMUNICACION CELULAR S A COMCEL S A,Empresas,Data Card,2G,87320
2022,2,PARTNERS TELECOM COLOMBIA SAS,Personas,Data Card,4G,17884
2022,2,AVANTEL S.A.S,Empresas,Teléfono movil,4G,3476
2022,2,EMPRESA DE TELECOMUNICACIONES DE BOGOTA S.A. ESP,Personas,Teléfono movil,2G,25
2022,2,COMUNICACION CELULAR S A COMCEL S A,Personas,Data Card,4G,483
2022,2,COMUNICACION CELULAR S A COMCEL S A,Empresas,Teléfono movil,4G,848422
2022,2,EMPRESA DE TELECOMUNICACIONES DE BOGOTA S.A. ESP,Empresas,Teléfono movil,3G,205
2022,2,COLOMBIA MOVIL  S.A ESP,Personas,Data Card,4G,2340
2022,2,COLOMBIA MOVIL  S.A ESP,Personas,Teléfono movil,2G,39843
2022,2,COLOMBIA TELECOMUNICACIONES S.A. E.S.P.,Empresas,Teléfono movil,2G,70534
2022,2,COLOMBIA MOVIL  S.A ESP,Empresas,Teléfono movil,3G,15615
2022,2,EMPRESA DE TELECOMUNICACIONES DE BOGOTA S.A. ESP,Empresas,Teléfono movil,2G,4
2022,2,COLOMBIA MOVIL  S.A ESP,Personas,Data Card,3G,1078
2022,2,VIRGIN MOBILE COLOMBIA S.A.S.,Personas,Teléfono movil,4G,0
2022,2,COLOMBIA MOVIL  S.A ESP,Empresas,Teléfono movil,2G,35240
2022,2,PARTNERS TELECOM COLOMBIA SAS,Empresas,Teléfono movil,3G,531
2022,2,COLOMBIA TELECOMUNICACIONES S.A. E.S.P.,Empresas,Teléfono movil,3G,457793
2022,2,COLOMBIA TELECOMUNICACIONES S.A. E.S.P.,Empresas,Data Card,4G,54394
2022,2,VIRGIN MOBILE COLOMBIA S.A.S.,Personas,Teléfono movil,2G,0
2022,2,COLOMBIA MOVIL  S.A ESP,Personas,Teléfono movil,3G,87518
2022,2,COLOMBIA MOVIL  S.A ESP,Empresas,Data Card,3G,639
2022,2,PARTNERS TELECOM COLOMBIA SAS,Personas,Data Card,3G,5
2022,2,AVANTEL S.A.S,Personas,Data Card,4G,60
2022,2,EMPRESA DE TELECOMUNICACIONES DE BOGOTA S.A. ESP,Empresas,Teléfono movil,4G,7578
2022,2,PARTNERS TELECOM COLOMBIA SAS,Personas,Teléfono movil,3G,66116
2022,2,COLOMBIA TELECOMUNICACIONES S.A. E.S.P.,Personas,Data Card,3G,3922
2022,2,EMPRESA DE TELECOMUNICACIONES DE BOGOTA S.A. ESP,Personas,Teléfono movil,3G,1920
2022,2,COMUNICACION CELULAR S A COMCEL S A,Personas,Teléfono movil,2G,20305
2022,2,AVANTEL S.A.S,Personas,Teléfono movil,4G,6772
2022,2,PARTNERS TELECOM COLOMBIA SAS,Personas,Teléfono movil,4G,858723
2022,2,COLOMBIA TELECOMUNICACIONES S.A. E.S.P.,Empresas,Data Card,3G,179959
2022,2,COLOMBIA TELECOMUNICACIONES S.A. E.S.P.,Personas,Teléfono movil,3G,437012
2022,2,COLOMBIA MOVIL  S.A ESP,Empresas,Data Card,4G,6083
2022,2,COLOMBIA MOVIL  S.A ESP,Personas,Teléfono movil,4G,2193453
2022,3,PARTNERS TELECOM COLOMBIA SAS,Personas,Data Card,3G,6
2022,3,COLOMBIA TELECOMUNICACIONES S.A. E.S.P.,Personas,Teléfono movil,4G,3425244
2022,3,INTELNEXT SAS,Empresas,Teléfono movil,4G,1
2022,3,VIRGIN MOBILE COLOMBIA S.A.S.,Personas,Teléfono movil,3G,0
2022,3,EMPRESA DE TELECOMUNICACIONES DE BOGOTA S.A. ESP,Empresas,Teléfono movil,4G,8771
2022,3,SETROC MOBILE GROUP SAS,Personas,Teléfono movil,4G,0
2022,3,COMUNICACION CELULAR S A COMCEL S A,Empresas,Teléfono movil,2G,123553
2022,3,EMPRESA DE TELECOMUNICACIONES DE BOGOTA S.A. ESP,Personas,Teléfono movil,2G,12
2022,3,COLOMBIA MOVIL  S.A ESP,Empresas,Teléfono movil,4G,232091
2022,3,COLOMBIA MOVIL  S.A ESP,Empresas,Data Card,4G,6185
2022,3,COLOMBIA MOVIL  S.A ESP,Personas,Teléfono movil,4G,2236097
2022,3,COLOMBIA TELECOMUNICACIONES S.A. E.S.P.,Personas,Data Card,4G,5047
2022,3,COLOMBIA TELECOMUNICACIONES S.A. E.S.P.,Empresas,Teléfono movil,4G,624919
2022,3,EMPRESA DE TELECOMUNICACIONES DE BOGOTA S.A. ESP,Empresas,Teléfono movil,3G,192
2022,3,INTELNEXT SAS,Personas,Teléfono movil,4G,73
2022,3,VIRGIN MOBILE COLOMBIA S.A.S.,Personas,Teléfono movil,4G,0
2022,3,COMUNICACION CELULAR S A COMCEL S A,Empresas,Data Card,2G,81255
2022,3,COLOMBIA MOVIL  S.A ESP,Personas,Data Card,3G,968
2022,3,COLOMBIA MOVIL  S.A ESP,Personas,Teléfono movil,3G,81260
2022,3,COMUNICACION CELULAR S A COMCEL S A,Personas,Teléfono movil,4G,7220319
2022,3,PARTNERS TELECOM COLOMBIA SAS,Empresas,Teléfono movil,3G,605
2022,3,PARTNERS TELECOM COLOMBIA SAS,Personas,Data Card,4G,21461
2022,3,VIRGIN MOBILE COLOMBIA S.A.S.,Personas,Teléfono movil,2G,0
2022,3,COMUNICACION CELULAR S A COMCEL S A,Personas,Teléfono movil,3G,422555
2022,3,COLOMBIA TELECOMUNICACIONES S.A. E.S.P.,Personas,Teléfono movil,3G,425376
2022,3,EMPRESA DE TELECOMUNICACIONES DE BOGOTA S.A. ESP,Personas,Teléfono movil,3G,2199
2022,3,COMUNICACION CELULAR S A COMCEL S A,Empresas,Teléfono movil,4G,893011
2022,3,COMUNICACION CELULAR S A COMCEL S A,Empresas,Data Card,3G,120483
2022,3,PARTNERS TELECOM COLOMBIA SAS,Personas,Teléfono movil,3G,64515
2022,3,COLOMBIA MOVIL  S.A ESP,Empresas,Teléfono movil,3G,13515
2022,3,COLOMBIA TELECOMUNICACIONES S.A. E.S.P.,Personas,Teléfono movil,2G,9655
2022,3,COLOMBIA TELECOMUNICACIONES S.A. E.S.P.,Empresas,Data Card,2G,79304
2022,3,EMPRESA DE TELECOMUNICACIONES DE BOGOTA S.A. ESP,Empresas,Teléfono movil,2G,1
2022,3,COMUNICACION CELULAR S A COMCEL S A,Empresas,Data Card,4G,23905
2022,3,COLOMBIA MOVIL  S.A ESP,Empresas,Data Card,3G,639
2022,3,PARTNERS TELECOM COLOMBIA SAS,Empresas,Data Card,4G,747
2022,3,EMPRESA DE TELECOMUNICACIONES DE BOGOTA S.A. ESP,Personas,Teléfono movil,4G,99528
2022,3,COLOMBIA MOVIL  S.A ESP,Personas,Teléfono movil,2G,31834
2022,3,COMUNICACION CELULAR S A COMCEL S A,Empresas,Teléfono movil,3G,184617
2022,3,COMUNICACION CELULAR S A COMCEL S A,Personas,Data Card,4G,443
2022,3,COMUNICACION CELULAR S A COMCEL S A,Personas,Data Card,2G,1076
2022,3,COLOMBIA TELECOMUNICACIONES S.A. E.S.P.,Empresas,Teléfono movil,3G,474468
2022,3,PARTNERS TELECOM COLOMBIA SAS,Empresas,Teléfono movil,4G,9748
2022,3,PARTNERS TELECOM COLOMBIA SAS,Personas,Teléfono movil,4G,998538
2022,3,COMUNICACION CELULAR S A COMCEL S A,Personas,Teléfono movil,2G,15716
2022,3,COLOMBIA TELECOMUNICACIONES S.A. E.S.P.,Personas,Data Card,3G,3838
2022,3,COMUNICACION CELULAR S A COMCEL S A,Personas,Data Card,3G,201
2022,3,COLOMBIA TELECOMUNICACIONES S.A. E.S.P.,Empresas,Teléfono movil,2G,73032
2022,3,COLOMBIA MOVIL  S.A ESP,Personas,Data Card,4G,2220
2022,3,COLOMBIA MOVIL  S.A ESP,Empresas,Teléfono movil,2G,26354
2022,3,COLOMBIA TELECOMUNICACIONES S.A. E.S.P.,Empresas,Data Card,4G,50293
2022,3,COLOMBIA TELECOMUNICACIONES S.A. E.S.P.,Personas,Data Card,2G,136
2022,3,COLOMBIA TELECOMUNICACIONES S.A. E.S.P.,Empresas,Data Card,3G,193098
2022,4,COLOMBIA MOVIL  S.A ESP,Personas,Teléfono movil,4G,2443527
2022,4,PARTNERS TELECOM COLOMBIA SAS,Empresas,Teléfono movil,3G,445
2022,4,PARTNERS TELECOM COLOMBIA SAS,Personas,Data Card,3G,3
2022,4,EMPRESA DE TELECOMUNICACIONES DE BOGOTA S.A. ESP,Personas,Teléfono movil,3G,2171
2022,4,COLOMBIA MOVIL  S.A ESP,Personas,Teléfono movil,2G,0
2022,4,COLOMBIA TELECOMUNICACIONES S.A. E.S.P.,Personas,Data Card,3G,3876
2022,4,COMUNICACION CELULAR S A COMCEL S A,Empresas,Teléfono movil,4G,929772
2022,4,EMPRESA DE TELECOMUNICACIONES DE BOGOTA S.A. ESP,Empresas,Teléfono movil,4G,9103
2022,4,COLOMBIA MOVIL  S.A ESP,Personas,Teléfono movil,3G,82124
2022,4,COMUNICACION CELULAR S A COMCEL S A,Personas,Data Card,3G,197
2022,4,COMUNICACION CELULAR S A COMCEL S A,Empresas,Data Card,3G,118770
2022,4,COLOMBIA MOVIL  S.A ESP,Empresas,Data Card,3G,633
2022,4,COMUNICACION CELULAR S A COMCEL S A,Personas,Teléfono movil,3G,397778
2022,4,EMPRESA DE TELECOMUNICACIONES DE BOGOTA S.A. ESP,Personas,Teléfono movil,4G,104433
2022,4,VIRGIN MOBILE COLOMBIA S.A.S.,Personas,Teléfono movil,CMTS (para redes con tecnolog�,0
2022,4,COLOMBIA MOVIL  S.A ESP,Personas,Data Card,4G,2363
2022,4,PARTNERS TELECOM COLOMBIA SAS,Personas,Teléfono movil,4G,1231332
2022,4,VIRGIN MOBILE COLOMBIA S.A.S.,Personas,Teléfono movil,3G,0
2022,4,COMUNICACION CELULAR S A COMCEL S A,Empresas,Teléfono movil,3G,189794
2022,4,COLOMBIA TELECOMUNICACIONES S.A. E.S.P.,Personas,Data Card,4G,5038
2022,4,COLOMBIA TELECOMUNICACIONES S.A. E.S.P.,Personas,Teléfono movil,2G,8489
2022,4,COLOMBIA TELECOMUNICACIONES S.A. E.S.P.,Personas,Data Card,2G,118
2022,4,COLOMBIA MOVIL  S.A ESP,Empresas,Teléfono movil,2G,0
2022,4,EMPRESA DE TELECOMUNICACIONES DE BOGOTA S.A. ESP,Empresas,Teléfono movil,3G,204
2022,4,COLOMBIA TELECOMUNICACIONES S.A. E.S.P.,Empresas,Teléfono movil,2G,71813
2022,4,COMUNICACION CELULAR S A COMCEL S A,Empresas,Teléfono movil,2G,120898
2022,4,COLOMBIA TELECOMUNICACIONES S.A. E.S.P.,Empresas,Teléfono movil,3G,455488
2022,4,COMUNICACION CELULAR S A COMCEL S A,Empresas,Data Card,4G,26900
2022,4,COLOMBIA TELECOMUNICACIONES S.A. E.S.P.,Personas,Teléfono movil,3G,422500
2022,4,COMUNICACION CELULAR S A COMCEL S A,Personas,Teléfono movil,2G,15609
2022,4,COLOMBIA TELECOMUNICACIONES S.A. E.S.P.,Empresas,Data Card,2G,74199
2022,4,COLOMBIA TELECOMUNICACIONES S.A. E.S.P.,Empresas,Data Card,3G,181498
2022,4,COMUNICACION CELULAR S A COMCEL S A,Personas,Data Card,4G,513
2022,4,COLOMBIA MOVIL  S.A ESP,Empresas,Teléfono movil,3G,36438
2022,4,COLOMBIA TELECOMUNICACIONES S.A. E.S.P.,Personas,Teléfono movil,4G,3541298
2022,4,PARTNERS TELECOM COLOMBIA SAS,Personas,Teléfono movil,3G,80169
2022,4,COLOMBIA TELECOMUNICACIONES S.A. E.S.P.,Empresas,Teléfono movil,4G,614619
2022,4,VIRGIN MOBILE COLOMBIA S.A.S.,Personas,Teléfono movil,2G,0
2022,4,COLOMBIA MOVIL  S.A ESP,Personas,Data Card,3G,823
2022,4,COMUNICACION CELULAR S A COMCEL S A,Personas,Teléfono movil,4G,7357383
2022,4,COLOMBIA MOVIL  S.A ESP,Empresas,Teléfono movil,4G,241195
2022,4,COLOMBIA MOVIL  S.A ESP,Empresas,Teléfono movil,4G,241195
2022,4,COLOMBIA MOVIL  S.A ESP,Empresas,Teléfono movil,4G,241195
2022,4,COLOMBIA MOVIL  S.A ESP,Empresas,Teléfono movil,4G,241195
2022,4,COLOMBIA MOVIL  S.A ESP,Empresas,Teléfono movil,4G,241195
2022,4,PARTNERS TELECOM COLOMBIA SAS,Personas,Data Card,4G,21475
2022,4,COLOMBIA MOVIL  S.A ESP,Empresas,Data Card,4G,5988
2022,4,PARTNERS TELECOM COLOMBIA SAS,Empresas,Teléfono movil,4G,5567
2022,4,COMUNICACION CELULAR S A COMCEL S A,Personas,Data Card,2G,728
2022,4,VIRGIN MOBILE COLOMBIA S.A.S.,Personas,Teléfono movil,4G,0
2022,4,SETROC MOBILE GROUP SAS,Personas,Teléfono movil,4G,0
2022,4,SETROC MOBILE GROUP SAS,Personas,Teléfono movil,4G,0
2022,4,SETROC MOBILE GROUP SAS,Personas,Teléfono movil,4G,0
2022,4,SETROC MOBILE GROUP SAS,Personas,Teléfono movil,4G,0
2022,4,PARTNERS TELECOM COLOMBIA SAS,Empresas,Data Card,4G,987
2022,4,COLOMBIA TELECOMUNICACIONES S.A. E.S.P.,Empresas,Data Card,4G,26767
2022,4,COMUNICACION CELULAR S A COMCEL S A,Empresas,Data Card,2G,70962
